"0","tamaramorrison@hotmail.com","Gary","Cross","Unit 5938 Box 2421
DPO AP 33335","pbkdf2:sha256:260000$5bYQya581XHdv1vd$33ff0fd843a190a56c3f4aa7c0849819117a325dbe31c9a146281a184ae12938"
"1","martha10@hotmail.com","Denise","Thornton","09471 Erika Curve
North Megan, UT 71358","pbkdf2:sha256:260000$9BRkeCfgQMfqv7Gc$554d90d7cb6093cdcdf8ff2ed72c27b505527164f0b76571e13f4466ed185052"
"2","deborah64@gmail.com","Jeanne","Green","USS Stephens
FPO AP 13804","pbkdf2:sha256:260000$xUngYybUV20sg7cq$3053a21afaf247d16e9cf2966a274f6fdc3354bcbafa6b9548421fc0a9f1a7b6"
"3","franklinjames@yahoo.com","John","Hoffman","9459 Jennifer Loaf Suite 109
Lake Matthew, IN 84046","pbkdf2:sha256:260000$4j4BQ3FpHviWPhio$7bda4b2ea0939b2dd105b800c5b925934235aaf51580106871798f565fa24ddd"
"4","samanthasims@yahoo.com","Timothy","Parker","42851 Joshua Brook Apt. 034
Staceyshire, AZ 98691","pbkdf2:sha256:260000$pheAXpx9qVQpfyUw$877a680a868b72516e7045fce951edc7baf0ac20a4a38007af16f9484cf7bf5a"
"5","taguilar@hotmail.com","Linda","Freeman","8847 Kramer Station
South Christopher, KS 77208","pbkdf2:sha256:260000$knysndKE2DIGyoZN$d60b4938c19e3d734f0f40914e2b85494b64d95a45a8f2ad43ababb3ce2400eb"
"6","georgedavid@yahoo.com","Sandra","Brown","0752 Misty Mount
Williamhaven, AZ 75719","pbkdf2:sha256:260000$2D4HFPF9DuN2FXyf$9a88d4a9ccc47312ca92c46a520275613f6552ba50b74122e02d5c66cccf7f93"
"7","chad50@yahoo.com","Paula","Wilkerson","519 Kramer Crossroad Suite 418
North Kimberly, MN 99672","pbkdf2:sha256:260000$JtmdhzRCIkf30wIL$53e0a7be0b5f16129d6d95b6e0ac7e3d6d1535f98df694efd211ec69ba20041c"
"8","jyang@hotmail.com","Willie","Garcia","03104 Norris Rapids
Port Donald, DE 62982","pbkdf2:sha256:260000$vxuUcmVqRFkdo2ze$a735b90035775825c32536f9b0ddd35b2d541228a7243d583d32d538c273d1ab"
"9","bramirez@gmail.com","Michael","Montgomery","5735 Farley Course
Port Daniel, OH 79871","pbkdf2:sha256:260000$sV4U87cdXG8VJXRJ$d748770c212e476bbfb06d63a5816ce833e9443a91779e48586a9eb8d21d9602"
