"26","51","6","1983-09-10 21:07:16","Theory chair issue without check structure majority modern series feel leg house same mind already there girl able radio court nearly politics without fear news","7"
"78","51","16","1979-08-12 16:37:57","Read assume live family always foot team foreign best their bad interest write follow image second authority radio hotel stay determine","90"
"48","72","15","1998-08-25 23:25:07","Authority upon me job beautiful property old first director court artist must establish affect authority between loss relationship parent grow wind technology identify college ahead think ball","49"
"96","71","7","1982-12-03 19:11:14","Still her call cut machine tonight outside wait west many doctor wife child","65"
"41","36","21","1971-01-28 10:55:06","Production player information role discover remember career eye plant west employee keep nation direction","2"
"60","75","16","2000-04-16 10:32:49","Shoulder nation truth bed next specific fight where unit conference environment allow serve onto","10"
"92","13","16","1974-11-24 02:38:03","Democratic leader attorney house to medical main difficult trade nor practice some suggest it spend significant source economic guy get president identify part much institution notice appear","63"
"91","95","12","1992-12-18 23:20:45","Radio score like whom community sister difficult try easy sound can interest TV management campaign mention glass size","74"
"71","50","17","1998-07-19 04:45:59","Type national professional system responsibility industry once year social eat company lot yeah party two","21"
"49","10","16","2004-11-06 07:11:45","Avoid material team at turn general explain consider activity speak product resource author student become","39"
"18","23","1","2004-01-25 02:55:36","Could tree realize never provide really six college somebody something simply daughter wait pattern appear agree threat hit rock ahead","55"
"28","99","7","1992-10-01 06:47:39","Stuff particularly market cup open interview those set everybody stop culture money politics","37"
"13","96","15","1976-11-16 05:52:28","Someone trouble author maybe be seem outside buy represent before check partner watch specific expect physical","63"
"15","24","10","2020-04-28 12:36:37","Seat attack act stand him certainly close raise speech industry forward safe later remain voice agency","77"
"67","36","8","2015-11-23 18:08:52","Race base company candidate particularly test responsibility college around site worry argue thousand project tough see with door prove","92"
"5","69","11","2012-11-10 06:22:47","Ten political happy sport maintain truth either pretty tree everyone risk important reduce these off create condition reality hour hair network part explain guess debate inside similar single","95"
"90","28","19","2009-05-05 13:27:01","Fine reality program read audience road wonder no action Republican end race or day fine trial eye heavy main month","88"
"63","26","16","1979-06-01 15:20:11","Part note thought would Mrs yet four PM collection various example record power include law exist charge different central read deep month around","72"
"63","99","1","1983-05-07 14:06:16","Maintain section school play but size worker you war central effort campaign person significant room window keep start single line good","3"
"38","61","28","1984-05-30 11:53:21","Coach show special number thus form region manager person toward cause animal me student wear could physical other artist mother join entire rise later meeting compare seem","76"
"55","54","29","1984-08-14 07:20:48","Your reality majority early source science environmental make window choice bad nature side citizen that pretty spend nature","96"
"67","87","5","1998-01-04 10:57:08","Role to next American power approach million sort reveal often second hour for result receive western policy score property great I participant road heart care sort next","63"
"68","43","3","1991-10-04 11:15:59","Away drug network chance well right value trouble success capital party our","89"
"32","51","28","2021-11-28 01:07:05","Woman feeling business outside source of already issue science listen deal reflect fill clear","13"
"91","92","19","1987-12-16 19:45:07","Center fall form you process every interview bank recognize maybe great price","65"
"26","86","7","1986-03-31 15:39:12","Son force culture offer future relate arm week money discover health similar star pretty area perhaps operation model model growth economic when weight indicate performance","79"
"88","21","4","2001-09-01 13:24:56","Property blue plant better either too trip director case couple cause young west reduce face product continue memory success star white traditional name you none","49"
"85","95","12","1985-03-16 08:17:39","Start state magazine debate learn continue trouble fly history rule evidence have institution say think","75"
"94","85","14","1995-03-04 23:08:46","Cause story conference tree just growth blue class south though scene sea option event us Republican market front ask behavior third or ok","58"
"31","41","5","2014-09-24 08:57:32","Key throw lot table media nice ten later store everything a continue outside country relate necessary run business certainly discuss check probably music already clear but","88"
