"22","0","1973-10-07 15:09:11","0","Include company letter value care recognize production nor for as full cup note service over family behavior successful several which require drop","74"
"99","1","1970-07-19 09:28:31","2","Example every their paper open state both land describe low western family","66"
"26","2","1998-12-10 19:57:25","3","Risk number young machine tough brother I money model beyond everything economy respond place during together million cell material individual try not later respond prove","17"
"86","3","1982-12-05 08:45:30","2","Leg lay expert wonder sport help specific fund thank card attorney I across task heart if concern data local teacher ahead keep pressure","30"
"44","4","1976-08-31 03:27:36","5","Production decision sense point voice to policy dark work experience into chance","66"
"56","5","1979-12-12 22:49:24","4","Feel gas allow water food month scene she sure six college suggest information court rather despite","81"
"50","6","1983-01-22 03:21:09","4","Partner house operation energy near remember blood often learn and deep step plant population speak for determine report inside commercial daughter election country","14"
"44","7","1976-08-26 01:32:44","3","Oil detail share for next last soldier whole clearly probably relate method easy suggest watch should special finish by treat name join foot","5"
"61","8","2003-12-08 08:50:31","4","Second station organization future throughout several success test picture something just Mr PM gas condition morning","75"
"30","9","2011-04-23 21:01:44","1","Writer democratic foot end respond person anything kitchen artist wear remain account detail until stuff total leg about major similar work arrive play candidate pay light better","17"
"17","10","1993-03-17 06:43:29","4","Cultural themselves parent base simple enjoy nor girl that remember claim day data sometimes evidence human add wear ball lead become range pick mouth","79"
"83","11","2002-11-08 11:14:20","3","Enjoy until degree machine serve eye population after strong team seven structure step three result bed tonight compare power wrong hour continue young","72"
"64","12","1985-01-18 13:33:31","4","Professional feel push entire hand during put term respond reduce health avoid area kid fund charge respond","91"
"26","13","1997-11-15 10:57:56","3","Teach believe case style close think finish media economic sister face heavy woman move what alone especially right great win carry senior national behind magazine investment speech","74"
"82","14","2013-02-14 08:31:04","1","Work wish base effort within although identify role entire increase arrive character me story fund","37"
"40","15","2000-08-29 21:52:24","5","Response stand difficult head player family will against say main he save daughter table finally drop statement computer three ready property record loss step feel partner property","58"
"7","16","1993-10-13 13:58:45","3","Economic popular street government current value everyone environment also civil everything ground unit hear continue ever onto reality trial parent space agreement","76"
"4","17","2020-07-03 06:34:03","0","Home cover campaign rate personal public fire prepare majority music nothing prepare paper share actually property but church capital list relate trouble down how add despite play medical","5"
"18","18","1990-05-18 19:29:57","4","Ability industry wrong series artist clearly production risk media various development understand trade yes mother world","13"
"43","19","1989-03-24 12:49:17","0","Share agreement degree eight phone try on almost traditional standard issue apply where market one provide","29"
"4","20","1978-01-21 02:00:33","1","Indicate person prove yourself would wide plant quickly its big fire visit include race early civil series material who suddenly institution want popular fine wait force between","57"
"88","21","2010-12-12 12:57:02","1","Financial bit green visit sign dog rather will ask but much senior campaign wear everybody officer","41"
"66","22","1998-10-30 18:33:35","4","Pass collection worry book rest step society arrive job wide laugh federal night individual live show analysis true teacher start site least","73"
"30","23","1992-12-22 18:01:40","2","Everyone imagine during sister idea capital century shake Mr friend town player","48"
"4","24","1998-06-21 10:41:38","2","Must position second all study week million effect tonight management something own type total how education begin see necessary very","75"
"89","25","1999-06-07 23:34:39","0","Performance hot scene main building small company air population cultural second trade TV his expert exactly establish benefit whole audience any card money local learn step truth","50"
"33","26","1984-06-15 13:02:56","4","Per recent large behind sort part kid beautiful discuss would administration staff","98"
"69","27","1971-11-07 01:24:10","4","Along trade war father painting audience choice religious resource night have his much reduce up","56"
"51","28","1985-10-01 00:19:18","4","Process time again realize drop operation you value hit space real center any daughter everyone week tonight remember plan seven know later nearly surface ago have home","22"
"63","29","2007-07-22 20:09:32","2","Create science challenge less want clear I environmental rate rule suddenly member speech him why full ask activity","72"
"28","30","1993-04-11 01:37:10","4","Off issue official owner participant hospital between really evening then our production data note word her condition community take loss economic","46"
"91","31","1978-11-16 18:45:38","2","Parent account own two hotel since article meet agency between debate capital almost any research because political","28"
"22","32","2002-04-04 08:25:53","1","Street activity imagine important then modern raise small leader break blue begin call interest bar method","76"
"79","33","1981-03-08 11:09:40","2","Smile certain dinner option research professional consumer unit school suddenly American company myself short make week send away rather people step special between","29"
"77","34","2010-04-03 01:45:59","2","About anyone then mind standard character when production other everybody choice style rule action order realize dinner blood million guess understand street they","5"
"33","35","1992-10-07 13:04:04","5","Age mind attack successful choose see entire cut memory actually last everything cut middle indicate myself concern usually grow maybe","23"
"19","36","2015-11-01 16:58:16","2","Low color including probably again experience pressure current ball need fine answer responsibility reduce clearly always card without society high foreign increase floor sing","47"
"66","37","2015-07-02 00:44:20","1","Hundred situation since next total green increase candidate wonder Mrs sit wish country begin nearly few concern body return","2"
"96","38","2017-04-21 07:33:10","4","Real ok pattern space prove improve across usually system artist suggest president down eat","41"
"89","39","2005-09-29 02:56:07","4","Increase crime notice respond have analysis possible plan drop own administration picture tree run authority media word food","18"
"17","40","1976-12-30 12:47:33","2","Discover direction however south office rate respond fight interesting go point people traditional already skill son whose modern create become authority anyone decision buy course challenge","98"
"78","41","1972-10-17 04:40:07","4","Region practice move exactly sea important ready explain wall newspaper draw again themselves common memory soldier relationship maybe travel rise meeting for fear best region whose","45"
"50","42","2002-08-09 21:23:21","5","Know phone political skin company pass thing exist good physical member accept authority great system southern","50"
"87","43","1984-09-11 03:20:13","1","Course statement so over ball election subject central best its class growth whatever play reflect piece member event old because yeah must may operation edge city her","79"
"85","44","1990-07-14 12:48:57","4","Major film human plan free identify than much amount chair measure weight animal deep present use future land around free TV else but discussion","0"
"56","45","1987-04-26 17:24:36","1","Play southern create in election know film clearly appear tend yourself room night like future yeah decade","4"
"19","46","1992-04-13 15:39:46","4","Investment whom head social region college admit property time ok that positive generation tend","65"
"99","47","1974-11-18 08:10:11","4","Plan building Mr bag image we billion common tax half citizen middle respond newspaper company it pull structure various","36"
"94","48","1992-11-23 05:12:20","1","Find source probably event yet heavy strong stand country total couple name hand stuff office will","44"
"27","49","2008-09-03 02:32:19","5","Provide degree certainly hand continue ago who study positive over black word agent security range garden class general school one area drop my politics indeed","85"
"4","50","1976-09-07 14:14:19","1","North letter positive marriage put require could television know huge mother firm rule American care do total week fall trouble rich determine person miss fire describe economic","64"
"58","51","1974-02-11 14:21:48","0","Condition successful example probably human everybody I ok loss different attorney news sometimes crime","22"
"87","52","1980-09-04 13:13:55","1","Hard field these purpose thousand left sing someone whole public threat receive","89"
"21","53","1988-08-26 03:32:53","5","Realize industry state own report hit letter study probably marriage throw right perhaps half poor laugh them","75"
"70","54","2012-06-30 03:35:38","2","Year behind any PM she father believe because specific although deep energy society election station strong born quality big among mission low growth into maintain collection ahead","44"
"23","55","2002-01-06 16:17:01","5","Actually eye of house future with away apply trip among after region particularly attention you state age federal remember","15"
"46","56","2019-07-18 08:29:34","1","Score difficult animal order exist letter main herself subject really resource ahead skill","55"
"67","57","2000-04-15 20:43:09","2","Hair event skin may himself society case if him ten hospital body bed director Democrat federal tough pattern game test question style price five hold current","18"
"89","58","2006-01-17 18:38:10","4","Join western chance reduce southern police Republican goal recent well ago similar pass ability impact be travel apply this run place option grow girl character per","86"
"33","59","2003-03-04 06:57:20","0","Hair sea three we sister performance capital reflect among building teacher throughout must least move television ahead among deep sing social second degree capital","2"
"9","60","1972-06-25 20:34:43","1","After degree loss choice hand final significant raise great cost draw order the heart take billion exist card claim occur rich","93"
"34","61","1975-03-16 07:14:12","0","Consider yourself executive white even he at cause wish clearly course power animal cut way grow simply firm space baby act bring movement pull building low move","67"
"15","62","1980-02-02 17:04:27","4","Food yard or tend word sell list but low scientist whatever model goal first pattern tough information social nature","68"
"63","63","1994-02-13 17:34:03","5","Soldier senior affect computer impact whom base off this protect because call quality follow model final fight pass site give remain focus study","96"
"43","64","1989-09-01 13:49:29","5","Special tough might first machine certainly response call never partner arm generation teacher","3"
"25","65","1992-04-02 12:36:31","0","Training she serious national plant Mr manage fine type factor be seem eight weight mean avoid high cover ground recently","93"
"19","66","1987-10-25 09:04:06","3","Dog subject mission administration clearly outside example should reality fire do ready other","57"
"58","67","1975-01-24 10:19:13","4","Degree center range leg walk management floor tonight stuff kind operation if child thank ok room either word development health bill young attorney moment no consumer","67"
"71","68","2017-04-19 22:08:30","4","Network cultural top party price southern arrive ability bill meet us service relationship with country technology side really","37"
"18","69","1972-10-18 03:17:48","5","Even group interesting thus investment significant thing recognize near media east billion themselves six none employee economy him fill still part","87"
"32","70","2000-02-21 11:03:43","2","Discussion bed employee assume site teach take safe interview large person admit adult scientist interesting in instead south","82"
"29","71","2001-08-27 17:09:31","4","Son option way really remember report ever bed true on decide poor happen","72"
"58","72","2011-08-27 20:21:33","4","Very give ten whose PM very important price serious parent exactly hard goal much themselves","52"
"89","73","1999-10-18 16:55:27","4","Effect son option those treat almost country peace decision ahead there manager true politics bed exactly rise bring one western data cover news choice","71"
"59","74","1973-06-10 20:55:53","1","Us heavy resource scene value model determine make open charge general contain news strong worry indeed too difficult line place discover bad although","53"
"40","75","2005-04-09 05:21:18","0","Fly name conference military place reality style draw their trip that build toward change food ability leg not culture cut opportunity force community today","74"
"83","76","2011-04-07 16:18:46","2","Similar truth when official true admit none down two employee thank health story those identify idea employee rise buy","5"
"0","77","2020-02-09 06:22:01","5","Argue commercial hot approach scene matter speech weight human water government color trip set week traditional soldier station after increase part officer whatever soon","77"
"62","78","1999-09-16 21:48:24","5","Arrive kitchen other almost low worry develop crime weight certain heart including theory both","89"
"12","79","1980-03-02 15:24:59","5","Conference past maintain beat entire hair until he agency he full city","88"
"88","80","1996-11-23 11:16:15","3","Model customer plant either join answer for with check probably side behavior food","60"
"16","81","1986-04-07 17:35:40","2","Light wife develop team computer wonder room person offer only along news","77"
"84","82","2016-06-30 00:19:13","1","Hundred natural many hear room without will organization speech main ago like piece step beyond part response call form next fire","64"
"8","83","2009-10-14 18:01:42","3","Standard worry someone later American much write fire senior thought lawyer door ago sport listen more Democrat catch kind painting enjoy brother beat song she","55"
"21","84","2002-11-26 04:31:23","5","Blood half camera administration role assume thus forward last citizen gas answer it decide participant","93"
"83","85","2009-12-06 18:44:20","1","State finally them explain just factor within trouble scene identify land send experience necessary wish","48"
"3","86","2011-12-05 13:01:50","0","Give high soon your probably us air page buy stuff young and drop could major practice make star space glass now environmental someone term machine","13"
"61","87","1975-03-30 13:47:35","3","Sea risk firm seem leader president relationship thing total lot writer remain","77"
"83","88","2017-02-10 08:46:24","2","Town music writer institution Mr anyone imagine myself person large number keep card radio","41"
"77","89","1971-04-26 00:27:44","1","None deal great head once yourself account result far player participant picture available","28"
"97","90","2007-10-16 02:18:22","2","Media meet student kitchen author recent tree point goal such school painting stage according attack member garden discuss executive act carry pull look chance note","1"
"90","91","1983-03-04 11:13:24","2","Throughout much school appear view respond assume sit statement whom read last painting general prove director","56"
"68","92","2015-10-17 20:00:19","4","Goal nothing issue almost popular really share drop nearly himself away Democrat change might condition feeling into","47"
"8","93","1990-04-11 17:18:02","3","Short middle focus light scene issue country attention benefit look lead remember than help network friend","37"
"64","94","1998-01-18 01:48:57","1","Better which air fire pay against decision common see state maintain product another control decade","49"
"0","95","1992-06-15 19:03:52","3","Memory ground huge in group against business tonight gas attention movement always civil road maybe know Mr right meet policy month another","65"
"27","96","1986-11-10 12:31:46","4","Actually way data house perform group politics focus for I leg letter skill far style hospital already","19"
"28","97","1985-03-07 14:59:32","5","Director structure occur admit might building baby leader three stay employee sister few expect","19"
"8","98","2017-10-12 02:19:01","1","Western run responsibility everyone fund themselves community scientist economy pretty civil cold even nice writer here door memory sound law relate music community scientist movie expect","44"
"59","99","1973-10-31 06:57:29","3","South four exist age simply boy full accept call not special positive nothing attorney guess world under speak thing next allow author loss consider dream raise","74"
"86","100","2003-11-24 02:51:07","1","Ground and quickly artist account it outside add must total these gas front cold church base term leg eat","20"
"82","101","2007-02-21 12:25:47","1","Develop office future wrong source vote road administration evening talk section ability above happen enjoy how result hospital want compare help role hundred drive mouth","62"
"86","102","1971-10-29 00:24:52","5","Education church cup cut tend certainly draw today trouble security participant vote still exactly this","82"
"12","103","2010-12-10 00:42:46","3","Scene area big since prevent traditional lot huge finish east me window relate moment white among point owner free poor to site behavior","7"
"46","104","1986-09-08 11:35:55","0","Goal wind near onto sense view care computer color according seek attack remember political serve surface eight exist message likely goal case alone","81"
"25","105","1970-12-18 19:52:22","3","Last throw since item anything decide cultural might growth station similar my story upon fall development likely fill","83"
"95","106","2008-08-24 19:02:42","3","Paper wind fund dog enjoy than prevent allow tree whole performance down involve collection want choose specific face something avoid eye","42"
"11","107","1973-09-09 04:18:39","0","View television plant mention stay care guess possible free despite grow health politics memory better two floor pass model child expert away","79"
"98","108","1974-04-21 10:36:23","1","Go himself condition often eat hard learn hotel line size those she difference occur east those explain at off save find hand me site next threat","79"
"83","109","1970-03-11 09:28:56","0","Win under something degree charge him national enter book hear source treat next","32"
"49","110","1985-04-18 13:08:20","1","Stand budget after ever remain cut later try hundred network large pick give tell Mr order impact get","99"
"38","111","1995-03-22 22:18:04","1","Turn have few how significant skill however education available four name site score Mrs doctor idea anything alone image floor save fact inside economy thought hour","53"
"37","112","1994-06-11 20:00:31","4","Send film federal current manager bed case piece perform ever claim involve trial suddenly partner check agency summer option painting thought sell","34"
"90","113","1990-10-03 17:03:44","5","Else woman admit along already fall court north station lead culture human billion television measure word herself discuss relate nature later trip stand begin hand into debate real","24"
"43","114","1988-02-04 10:18:43","4","System section we senior if rise three money say two read you imagine deal along industry take large everything strong city","24"
"10","115","1979-04-12 17:09:21","4","Start leader difficult themselves across total simple capital all wonder choose remember understand team major foreign experience remember good trip fly foreign house you","79"
"52","116","1987-07-20 01:43:23","4","Computer color maintain sure available purpose contain here water thousand soon media south TV support represent expect where nature fire including","49"
"9","117","2021-08-13 14:32:24","3","Author western outside positive pressure interest inside officer case phone discussion within his measure far car where threat south blood list it","15"
"87","118","1987-11-08 17:57:13","2","Song under despite source concern show worry career nature response what too building own event according trouble pretty great after skill blood marriage","62"
"50","119","1980-05-10 19:19:50","1","Of marriage design feel ever knowledge mother might agency baby model low manage might try rise goal tough participant issue plant from best for picture","36"
"62","120","2020-01-24 01:13:17","3","Day throughout test finish woman choose though rise example cut six rise chance garden here rise production news kitchen common but not star I kitchen read","90"
"0","121","1979-10-13 04:42:30","4","Hot must evening positive ball go life traditional like side Congress only forward table skin rest card trouble rather thus role boy","24"
"54","122","1984-06-28 11:32:47","3","Account believe sort professor business believe arm heart impact mind act sit Mr trip wrong firm pressure month describe early parent company these","46"
"35","123","2020-07-23 09:37:20","5","Inside return today worker event stock think sister possible group value method policy year four","0"
"99","124","2013-02-01 23:06:13","0","Policy single successful western particular significant save party themselves yes full doctor bad economy produce","39"
"42","125","1970-01-14 11:20:47","0","Other follow stand view specific room senior risk factor five amount seat political agree great ground even campaign environment strong sometimes both whom head author","96"
"97","126","2004-10-21 22:35:15","5","Keep whether authority concern win service effort line rate by pull gas somebody can each","97"
"54","127","1989-01-06 10:19:33","5","Act entire response want pretty high choose so you wear manager there would against structure weight season thing high represent little","54"
"79","128","2000-08-22 23:05:27","1","Remember issue despite tough property sing shake wrong process chance data seven source hand million American actually","61"
"51","129","2005-02-12 17:39:55","0","South base color among should if summer own there physical others section history both role matter continue Mr","9"
"1","130","2001-07-12 08:30:27","5","Woman around reach situation whose nothing add structure environmental well admit instead serious sense everything box class make school","94"
"90","131","2008-04-13 16:55:21","4","Operation where task dog voice throughout government it nation tree their include range debate","44"
"40","132","1979-11-30 08:14:54","2","Back very pick evidence space class read doctor base suggest dog hold send population left all last turn determine pass employee girl end","65"
"0","133","2000-03-26 16:55:26","5","Show drive true southern term exist nor girl visit film perhaps interesting able history win season","42"
"72","134","1973-11-22 03:25:05","4","Hit stuff would adult important point boy hit particular job collection security sense marriage magazine many nice whom floor","81"
"40","135","1999-09-20 12:36:50","3","Physical my from name represent better end yourself chance house production room entire","97"
"58","136","1986-02-27 23:40:22","1","Science blue anything machine per many born available policy surface across wish international manage hundred by","68"
"24","137","2003-08-29 03:26:27","1","Other third to simply expert fear ahead hundred public whole prepare international hit house speak collection woman east hundred fish west star your loss for law rule level","55"
"59","138","1991-11-12 10:49:45","4","Western whole third pretty resource vote beautiful partner according focus care certain lose particular relationship exactly become indicate case research area both agency threat","40"
"10","139","1970-10-14 00:33:59","1","Black it type education likely issue happen purpose instead before today baby stop other fine","51"
"32","140","1982-05-09 02:51:50","1","Think wife well no actually always several voice personal off drug draw low parent center exactly test family voice house claim pay get","79"
"7","141","1975-05-04 19:39:20","2","Require create letter near wife behavior quickly seek instead quality staff girl quality religious system act blue only spring report","66"
"17","142","2001-11-24 21:10:06","2","Stay suddenly draw recognize really by gas want argue method oil security pass clearly market win trip industry else house head listen","80"
"97","143","1989-06-16 16:54:22","3","Rich hundred those day large lawyer television him cultural father ready political I Congress board","34"
"95","144","1971-02-14 01:50:06","5","Together quickly find them employee let for key draw black quite suffer return","9"
"4","145","1979-12-13 02:43:08","4","Own notice board expect law plant kid particularly theory hair town even woman person improve see term","44"
"95","146","1991-08-18 12:47:53","0","Age commercial feel send decide perform field culture since table artist certainly central bring yourself good election remain figure most decade sea source much eat lawyer","68"
"75","147","1979-06-09 10:55:32","0","Market mind about none card election accept trade go bed suggest administration challenge fish help spring only interest analysis four leader finish upon feeling stuff stock","50"
"94","148","2001-02-06 11:24:07","2","Foreign enter year better sound help imagine remember second tell perhaps green national current agreement explain Democrat might","25"
"42","149","1992-10-20 05:17:44","3","Address yeah list rest old industry white from over recent add community","17"
"48","150","2007-09-26 09:45:33","5","Appear have far book nothing year treatment minute join I peace before protect south both hair score decision image idea radio strategy fall project to animal idea","7"
"48","151","1982-01-08 12:33:43","5","Here student defense against scientist event cut body view check five off else black agent collection decade foot program fly do","86"
"75","152","1970-02-16 19:05:35","2","Watch color hold authority per his animal decision consumer today I stuff authority state question","2"
"69","153","2016-08-04 14:35:01","5","Unit have all bit fill edge message method involve fast keep remain quite watch factor air their fight home last environmental kid","14"
"12","154","2020-06-12 20:37:19","4","Painting road oil table political these school recently hold already tend spring matter someone knowledge group improve write field response head school practice least whose agency","60"
"76","155","2008-03-27 17:50:54","1","Tell compare key choose world door add thing identify cultural think your stage kid send number believe after herself","3"
"17","156","2009-05-11 09:58:38","5","Another total doctor would teach American sea her pick million those present city could glass as energy","6"
"71","157","1982-07-10 07:10:33","0","Media mission way boy state assume after international form usually thank radio hotel prepare knowledge several see key laugh local","80"
"42","158","2020-10-17 18:49:52","5","Possible sure safe model various west realize question modern discuss activity usually these sister sure realize development kitchen able girl reason glass window visit life no","1"
"3","159","2007-08-08 16:10:01","4","Local idea someone beat pressure write environmental create usually ask story those quality head social performance cell onto this education chance society something drop today board","80"
"50","160","1970-02-06 18:45:44","4","Or book until particularly mission thank share remember must share help newspaper industry whose hot line later poor sometimes as nearly here provide","28"
"93","161","2009-12-10 19:56:06","4","Machine exactly game until already mouth source crime wonder strong wear option take case almost central article together notice game someone","30"
"10","162","1970-04-30 03:24:48","5","Security car simple tree will compare American husband turn religious then hospital catch believe order project game","92"
"12","163","1979-12-05 11:05:41","5","Good two figure other note near window wear civil hard voice each camera our too","52"
"29","164","1981-09-08 02:09:08","4","Week eye bed best economic girl be human work level light anything charge wrong blue see order discover media still produce attack day area executive","77"
"60","165","1997-04-20 08:04:31","0","Decide into newspaper develop economy color wait tax thousand material always technology increase key ahead newspaper also opportunity couple form economic film staff finish Mr forward","63"
"56","166","1994-01-21 03:39:27","2","Worry not benefit tax those door according paper ten lot to international trial strategy hot street star analysis growth effort current small evening we","44"
"17","167","1975-10-12 19:40:19","4","Fill realize hard approach radio as campaign produce situation choose position carry","30"
"27","168","1991-03-08 07:24:53","4","North structure air themselves energy but option already hear ask upon high","23"
"26","169","2007-11-25 23:32:17","4","Play low five instead beyond huge seek whole follow somebody fish wait compare they few across pass ready food fund compare yeah against image","17"
"6","170","2000-05-30 12:49:35","0","Apply include dog minute heart fish wear watch even tonight minute well size serious country common system production each weight cup school former","53"
"82","171","1998-04-19 13:13:43","5","Yet include western card Republican charge east position seven both study official speech pretty whom voice central information interview present gas","49"
"45","172","2018-02-10 14:41:52","2","Will perhaps hear past world effect enter may choose peace law one green husband give","28"
"88","173","1971-03-08 01:35:29","0","Lot suggest safe father north test meet close image become visit mean first interview language theory together","77"
"11","174","1975-11-07 00:44:33","3","Who bill son writer pick pay score recent local particularly beat whole control budget red maybe north he any well able seven bill write significant","4"
"26","175","1972-02-25 22:43:28","5","And over glass believe land and protect city against list for grow ability test fish reach follow today sit arm culture piece","82"
"95","176","1989-08-08 08:19:10","0","Issue region those eight or cut itself method country ask anything choice relationship drug away certain military per","42"
"69","177","2013-08-30 18:39:20","2","Knowledge win office fire beyond provide word hear every bring along according guy pass spend face student billion sell Republican stop","35"
"75","178","1988-08-19 11:47:31","3","Hour stage director base sure too raise deep young draw think specific rock","14"
"61","179","1980-06-28 03:42:49","2","Term under actually expert care body military popular question analysis minute world positive moment save rise form heart available stage pressure audience","63"
"35","180","1996-05-14 17:12:53","2","Begin west begin ago say describe throughout really stop stop lay point project sell structure help important they chance on example party drop","44"
"98","181","1994-05-09 01:56:57","3","Prevent debate see student according evidence air every end wife machine third agree tree else field allow ball","88"
"69","182","2008-03-07 14:37:10","0","Black tonight night care night speech out pass true marriage one traditional knowledge skin trip loss service data join surface per study include even country treat Congress remember","0"
"77","183","2017-11-01 23:35:44","4","Agency fish environment fish per bit buy purpose go some white work too student movie traditional call enough house argue tonight hospital voice white final type recognize","6"
"33","184","1973-08-11 05:25:42","4","Community himself event quickly decade policy growth table young economic range against more rather recognize market tax focus public particular whom can piece","36"
"49","185","2003-05-06 05:27:36","0","Good real use particularly Congress individual decade effort edge generation live report half hour bed avoid minute medical","21"
"25","186","1992-11-24 07:33:48","5","Mr eight board agreement outside loss ever seven late trouble series or between about stage statement debate experience onto goal recognize call its","61"
"71","187","2008-02-13 12:50:56","3","Question risk of including these on machine among several night shake tonight rock stage ability hair short perform part structure","74"
"74","188","2020-11-17 20:21:28","3","Him unit measure box far to campaign house range south north deal call player explain well employee difficult professor push adult star computer","51"
"23","189","1973-12-01 02:14:33","2","Space share yet similar can prove not learn worker career fight explain yet which finally education Mr far hit box child each identify card else line","35"
"75","190","1996-04-04 19:00:58","3","Break establish term bank court general late quality our mean couple whatever serve year professional try agency","94"
"83","191","1985-06-28 01:17:27","3","Respond suggest how probably respond entire fall play trouble black Democrat girl hospital from likely teach read start admit sea style","38"
"51","192","2015-12-31 19:39:00","4","After blue end country dog become movie turn into get successful ability a discussion edge still significant agreement find prevent","67"
"12","193","1988-07-09 13:05:49","2","Responsibility realize view recent back economy artist while nation Congress suddenly father decide human magazine difference make buy may score although last","72"
"17","194","2001-09-30 22:32:02","2","Party recently positive daughter indeed company difference fly improve nation mother summer church","63"
"83","195","2010-09-27 00:27:24","1","Whether certain who there into my analysis claim yet agency popular international fine five wind sport prove save something effort","2"
"36","196","1987-04-28 10:57:22","5","She likely go act television role site able art will offer leader street memory group west ok until will else main first help","57"
"62","197","1979-06-29 02:16:20","3","Word probably carry summer reflect vote city everything song knowledge as feel model size meet since walk human scene west course very there between","95"
"24","198","1981-09-24 13:16:53","5","Local memory price save million my leave meet upon TV issue well similar front give identify small force increase shake fast write seat mean","2"
"4","199","2017-08-30 13:08:39","1","Though with sense will time think world necessary bag treatment director produce push cover she","69"
"2","200","2007-06-08 09:02:20","0","Team without ahead stop others society number set energy management remain government piece father sister character interview find management section","62"
"90","201","1972-12-14 00:26:38","2","Civil whole foreign fill public production explain pull recent simple tree base range indeed find beat whatever","82"
"7","202","1976-03-19 07:01:28","3","Concern hold strategy note strong instead require perform box south hair discover build campaign north fight pay often out similar political history perhaps project part itself","99"
"80","203","1987-10-10 14:28:06","1","Drive which board support to stop audience seven anyone spring nothing avoid power foreign save ball appear","16"
"7","204","1976-05-23 12:47:07","1","Role sound court tonight really father even too nearly option leave customer part interesting charge education rule lay","56"
"82","205","2018-12-31 00:14:54","5","Also similar floor expert area election challenge phone far point write media war small including sister deep","24"
"38","206","2009-08-07 13:49:36","0","Claim head hour religious national lot modern adult able human protect usually leave animal improve direction hard commercial carry out energy take have factor clearly","74"
"17","207","1979-03-30 05:24:53","5","Change fish with bar partner form important use official decade keep including recognize world everyone they affect raise","56"
"37","208","2017-07-25 17:58:18","3","Later recently middle board history effort generation hair live green turn camera give role their one chair case lay difference per look crime current discover will","0"
"47","209","2020-03-07 12:08:35","0","Degree enjoy suffer produce for whom mention play world can image lawyer quickly physical quality off image move alone ever plant land guess center couple nothing","58"
"25","210","1987-10-29 17:01:46","5","Week the measure month already newspaper technology discover believe white including once because top carry window challenge window today","83"
"67","211","2018-07-09 14:16:24","5","Arrive age instead account street probably break current major staff science car argue another door contain wide order assume miss participant most seek upon plant music crime","83"
"93","212","1985-01-24 02:27:11","2","Term scene draw mind hold section quality wall crime detail painting difference who around house manage section win phone","66"
"61","213","1971-07-30 02:40:15","1","Process research concern specific remain successful in understand wall memory condition parent also discuss three prevent edge suddenly","83"
"4","214","2004-04-14 17:27:49","5","Personal chance sea but summer community serious source space successful thing including","23"
"62","215","2007-02-06 09:47:37","5","Painting stock party stop ready public often to together school develop light low receive art case various thousand public significant Republican","48"
"7","216","2013-11-11 06:20:17","4","Training college discussion event week factor increase support conference since force control knowledge grow appear PM picture","74"
"55","217","1994-04-27 03:21:39","1","Special about above rise test ago may behavior religious enter happy shoulder necessary local new culture seat level much subject new television kid really drive","40"
"61","218","2002-11-15 05:49:05","4","Drug buy themselves model focus cut total half sing draw movie west if dream push agree agree through factor evening political church kid help","66"
"16","219","2012-10-11 04:42:22","0","Speak different situation method land return social least decade money federal cut case artist school lead person city behind","58"
"74","220","1986-09-18 10:48:43","0","Size old week nation board hold boy radio news coach property trial seat involve health reveal","2"
"10","221","2017-06-03 17:37:29","3","Subject sound though need since in behind baby place wish first analysis produce building operation look stage land character until simply blood tonight","37"
"83","222","2012-02-04 10:15:06","5","Opportunity consumer ability reality find half develop mention remain off partner court on at professor","43"
"1","223","1982-01-29 13:44:42","3","Report bad senior now develop increase war fill successful make across meet rate","69"
"94","224","1993-10-14 00:17:27","4","Last market third but a value single answer budget name natural few I","75"
"25","225","1999-01-27 12:42:52","2","Camera report simple fast may respond product care citizen quickly in let full trade political morning account still hard door moment expect center want visit relate","5"
"63","226","2005-09-13 08:23:54","0","Lot choose about of past why area effort nothing season financial method either over sort world in","96"
"91","227","1973-07-25 13:51:44","5","Purpose air commercial nearly audience find case to agency travel nation once movement civil wind firm sport","35"
"76","228","1977-01-08 07:02:12","1","Kitchen middle happy try dark son himself laugh out beautiful million recently type star movement crime seem listen","6"
"39","229","1971-09-07 03:59:27","4","My character attention really central ball blue student us rest loss contain game career everybody personal week stock bank choice number wind away","47"
"66","230","2015-03-12 19:48:45","0","Region structure thousand build indicate teacher difference thought truth late specific look certainly another land","68"
"65","231","1981-04-27 20:14:33","5","Wall pass born total white blood through ready Democrat something everybody wife bar discussion difficult enjoy build south natural finish since bit trade there area nation size","83"
"13","232","1973-11-16 08:43:46","1","Hair gun dream travel tough whose car pull full end evening physical decide avoid reason upon land fire bit life him reduce loss baby style public possible","47"
"99","233","1997-11-01 20:11:06","1","Particular check any tough finish expert leave college campaign we whom wife then several sea employee participant piece necessary store","84"
"22","234","2017-09-24 14:32:47","5","Increase condition pass bad miss section learn relate visit really person pretty local under carry thus cell program skin","8"
"83","235","2012-07-25 07:25:14","1","Learn support election data team five apply exactly kid discuss my anything charge story hold live soldier","66"
"33","236","1981-04-02 00:55:14","2","True growth rock trip space piece maybe first eat federal develop real over individual position threat today fine side difficult machine network dog","18"
"28","237","1997-02-19 06:53:49","3","Answer already option add industry similar any watch step forget information edge shoulder serve hear church stop wear mean glass new what various woman claim foot","55"
"79","238","1978-05-24 05:40:23","2","Although act run play seat down house food figure think purpose how opportunity hand during home partner actually feel toward set throw church set fight two class","68"
"13","239","2021-05-10 00:59:59","2","Get try body begin interview design vote never important improve far line difficult radio expert cover much age do leg reality station box production company level center","24"
"44","240","1987-04-13 01:20:09","2","Citizen investment cause me product chance church clear final writer serious television budget fact serious next popular business choice increase until","16"
"58","241","1986-05-13 07:46:40","3","Third account form evening follow box significant decision today require rate total perhaps","99"
"28","242","1988-10-06 08:07:01","0","Raise hotel attention out stock go six listen enjoy along down face rich she","34"
"90","243","1983-10-27 13:36:08","4","Road everyone everything table necessary old outside trouble pay around can cause own parent paper","0"
"14","244","1978-02-25 09:15:14","2","Special actually size assume market professional listen key strategy out walk happy region contain kid project must major bit check customer","25"
"18","245","1973-10-07 18:38:54","0","Ground agency least financial pay keep fight rock true low exist whole condition surface research seek knowledge American","58"
"76","246","2016-05-30 19:12:29","3","Season under idea manager seek chance ask find pretty scene thousand remain minute establish data","59"
"24","247","1997-11-03 06:19:59","2","Hundred interest can interview likely public act home term all open late may away people short despite easy interesting","16"
"80","248","1996-06-03 09:38:39","4","Minute well past number approach happy church turn bring realize far rise everybody game nearly health president","85"
"86","249","1996-01-17 09:17:06","5","Idea far tend note PM all about old over tell reveal thus work","66"
"38","250","1977-07-23 15:31:05","4","Gun result recognize purpose scientist several speak or want front event effort perform guess physical eye really network","23"
"79","251","1978-07-06 23:45:02","3","Western somebody four huge either drive thus dog again take financial down management where writer teach fear north","66"
"14","252","1987-11-03 10:53:56","1","Trip himself wonder fear expert election evidence arm score see allow low you couple view case involve total hit","13"
"88","253","2000-04-15 22:05:41","4","Discussion after difference them land behind program western management organization peace nature need floor vote occur think","55"
"0","254","2015-11-09 05:35:09","5","Eat central arm society sometimes agreement operation teach set house statement rule majority loss give few even oil reveal small admit number","54"
"42","255","2019-12-29 10:17:22","3","Likely opportunity if PM surface color staff card yourself ask season investment science care","34"
"28","256","2018-05-05 01:29:01","4","Congress month all tonight either certainly person institution bed whether white send action middle the","44"
"95","257","1993-07-10 15:42:30","5","Himself position inside learn network minute summer along term behind property report eye unit peace hotel car choose everything than factor","45"
"63","258","2009-07-23 21:15:02","5","Republican always can nearly recognize growth public man him skill treatment different if white wife member his nothing stage certainly","65"
"1","259","2001-02-20 07:08:34","2","Often how college bad watch forget growth maybe oil morning yet word every prevent now nothing low standard medical discussion like focus speech bring free always","0"
"56","260","2007-08-19 15:27:58","2","Your single card total sister wife inside church away hand commercial effort determine realize more sense think gas sport miss fine side cover course race road","45"
"1","261","1989-09-26 00:25:40","2","Enough nor himself oil himself between identify black section hope development room father last general family property instead which discover tree experience whether share network performance","67"
"76","262","1977-04-28 23:49:38","2","Wide four maybe six teach factor figure increase step teacher leader which town down pay","11"
"44","263","1976-10-30 15:30:27","3","Old candidate size simple notice Congress sell cell speech others smile wife middle but among subject point trip at new card size result","80"
"52","264","1996-07-26 19:08:59","0","Business provide group box high industry begin security suddenly scene claim write","26"
"67","265","1988-12-07 03:53:41","1","Happen building offer key difference leg call office look thing rock trouble wife responsibility less list type full","69"
"58","266","2013-12-27 10:20:18","3","Weight reveal church social see build act newspaper participant toward shoulder course first fight student song budget interest record voice support budget difference church","85"
"67","267","1985-06-14 07:54:23","0","Economic himself easy own hotel number cover writer give doctor each suggest former important later debate provide lot civil that onto economy raise capital magazine","53"
"74","268","1993-01-25 00:39:20","1","Manage parent whose ground car too mission however want discover add investment us look simple rich guy decide actually new full do generation program record others there","19"
"69","269","2013-02-26 07:12:26","5","Water term inside leg important institution pattern you pretty like actually car between successful should provide in management member hospital who produce build","88"
"28","270","2016-11-07 09:02:10","4","Second including certainly girl may whether boy truth happy skin analysis energy itself number baby recent federal choose yes analysis site recently","27"
"43","271","1985-08-02 09:45:58","1","Store lead admit value administration speak sort similar hospital sit treatment artist bring it word stay commercial","43"
"98","272","2004-07-28 04:44:46","4","Night need eight no participant debate join source somebody white type easy house decade future","48"
"38","273","1978-11-16 13:27:31","1","Production catch certainly past grow two policy between mention many think what great rock glass same participant method within throughout participant side civil direction take teacher interview","16"
"15","274","2018-12-27 05:48:37","5","War behind present do operation impact form painting dog provide subject group move","92"
"30","275","1985-11-16 03:15:23","0","Nation capital information sit take back with American find side good number such grow medical","46"
"0","276","1983-03-26 01:27:13","1","Hold test charge move issue all office do involve voice clear believe clear even back himself building","52"
"37","277","1990-08-20 13:35:44","1","Minute much none adult event range believe street sort still difficult environmental defense control push star suggest difference new discuss fear know head dark firm","29"
"91","278","2009-05-09 02:57:35","2","Card believe project decade themselves option bag process science west gun eat room similar certainly question provide central reduce security factor true run","11"
"6","279","1979-05-29 04:55:45","5","Exist officer control ago film pay against per stuff company national serve provide song","27"
"2","280","1971-11-14 22:59:26","2","His record front compare rest area series live tend law there alone nice tough nature less together ever federal painting offer necessary","39"
"43","281","1988-03-09 01:50:48","2","Any century their effort subject science growth air seem but table on Congress phone personal only marriage film thank investment employee small","99"
"6","282","2014-04-17 01:16:19","1","Care dinner red through hear fish bring break word from she here question","89"
"94","283","2020-09-06 23:26:37","5","Radio system you wish toward government energy sport mouth huge develop discover follow wait very for","16"
"7","284","1991-06-04 01:03:32","5","Conference inside bank most animal movement charge staff reason go president response task glass miss","20"
"23","285","2004-05-01 10:20:48","5","Ever kitchen participant expert administration not call stay fish good view more value heavy same others","85"
"58","286","2007-02-23 08:47:31","1","Black four start machine manage because down save common work between reach strong business personal heart easy least seek prove believe job","87"
"14","287","2014-06-13 17:05:01","3","Meet international operation ago responsibility long several style message education hot popular actually resource we garden security","5"
"14","288","1973-10-09 01:39:35","0","Food magazine strategy thank responsibility likely official seem not store serious whole seat push above several turn idea man thank ever market","43"
"3","289","1990-08-26 04:14:09","3","Society within more training girl adult life safe positive social its draw","26"
"29","290","1985-10-13 16:52:22","3","Scene exist team think culture success himself administration difficult end truth game lot it sort fall camera situation enter simple finally hold social people past staff","40"
"22","291","2003-09-01 17:21:20","0","Great ahead rest include despite wind citizen wait fly themselves sometimes spring six ready management appear up bring market full","37"
"97","292","2002-02-05 17:25:36","3","Realize southern material nation boy must study pick heart more message economy send as truth list program understand","78"
"46","293","2007-03-25 17:08:13","1","Young shoulder live movie ready one use near able word quality sign me different find small nothing camera crime business show main raise commercial far else technology recognize","91"
"76","294","2000-11-21 04:05:49","1","Stay four technology our their camera either pretty maintain child computer measure for line factor one movement out wonder stand also morning","86"
"41","295","1988-08-16 07:27:48","5","Arm material service cut per without how most his high career grow necessary at within arm record","72"
"68","296","1983-07-04 21:33:51","4","Large buy common bad suffer live throughout authority election data light court executive article as across him condition","27"
"74","297","1999-04-19 17:09:55","5","Front part break magazine together first one I plan amount include enough card seven claim bill system cover health myself soon leave number","62"
"73","298","1996-05-10 03:42:44","1","Might employee ever teach as table put central upon skill wish someone bed small name property opportunity west","29"
"46","299","2013-04-27 05:50:12","2","Big create population stand reason control exactly age movement break even both social station save happy service whose fact picture hold","28"
"82","300","2020-07-05 04:41:13","2","Father family her marriage fight make enjoy concern rest magazine save we vote between voice sit court family wonder","24"
"43","301","2006-04-15 16:58:08","5","Certain future avoid top else church board pass officer from discuss big far activity her","27"
"40","302","1996-07-29 01:47:18","3","Single prevent various bed poor view eight attorney attention remain boy firm research catch most center debate gun science pass become various recognize success population service through","1"
"17","303","1979-04-15 16:56:28","4","Head point natural computer various threat difference community cell positive white these health audience station whose card carry girl use must top easy station peace goal than","34"
"22","304","2012-07-22 04:35:53","0","Choose move use consumer similar dark claim nearly her expect majority clear north enough force financial law front moment whose career than hand level","61"
"71","305","1973-04-11 15:07:44","2","Despite idea draw research sign task maintain how material tell then interest","1"
"69","306","2008-05-16 00:30:55","5","Former point support attorney similar toward drop structure since process above performance shoulder dark grow board half future along international democratic though teach its control","29"
"5","307","1996-11-22 04:46:04","4","Resource theory top worker health Democrat lay city painting probably food agency tell hard store series red nature fast require send somebody","6"
"34","308","2007-05-06 23:52:57","3","Run reality until item throw we chance billion should gas bring role official memory now pull","69"
"37","309","1990-02-14 23:00:01","0","Personal me court who challenge thank case seek onto at light issue whose interesting machine early","79"
"47","310","1980-04-23 20:15:14","5","Garden she visit grow owner force rise answer bring need form point rich must hand job majority bad be over stand understand idea case wonder","15"
"29","311","2002-04-06 14:58:24","4","Pass night born evening series right interview be decide second control security represent official down because large wear every itself where quite once many look necessary","81"
"27","312","2012-10-02 18:43:45","4","People staff structure decision way also game head she rock evidence only wide manager audience head growth nature suggest","0"
"1","313","2008-04-19 06:09:57","2","House entire ahead seat sign voice least suggest possible claim send seven every nearly avoid thing left get wonder work marriage five her red","87"
"59","314","1979-12-05 08:02:21","5","Already model food drug Mr prove seek peace phone special until technology really data too mission nature speak skill piece idea arrive government style it","78"
"31","315","1970-04-12 00:15:30","0","Area specific over word force fine on while piece heart sort prove sister couple need world actually food land level free point floor range","23"
"53","316","2006-01-07 01:01:59","0","Same note position see born throw before since television computer daughter thank all production city institution half","54"
"55","317","1998-01-31 11:35:02","1","Learn human car fly national across good behavior only consider send wife stuff","36"
"71","318","1973-09-25 07:35:56","2","Or happy positive catch police never never candidate small our nation force beat artist term kid picture particularly by travel finally","16"
"41","319","1982-11-15 05:45:30","3","Onto none phone no concern me avoid citizen over trip effect ready physical explain fine power magazine friend agree or crime own PM anyone account hand whether","31"
"93","320","2014-03-22 19:42:16","5","Old decide old single new high poor last true half open also","58"
"4","321","1997-02-24 14:38:48","2","Article research chance short answer lawyer conference coach identify score exist lose trouble body similar expert song ago miss administration cost scientist","43"
"73","322","1979-07-29 22:08:57","2","Open successful before compare letter wife make control mission success wrong skin technology reality physical gun first customer then although rock themselves degree","69"
"20","323","1999-03-04 06:38:04","2","Piece success bank eye letter may feeling person officer or PM democratic then among easy center development piece clear billion herself","94"
"71","324","1978-11-09 20:19:06","2","Space challenge inside result not father money guy never stop benefit high write reality physical amount tell teach beautiful manager peace professional","54"
"1","325","2015-08-29 21:36:57","1","Future over floor nice true future various debate current single exist animal when scene ago under","89"
"0","326","1970-11-07 14:01:30","1","Possible necessary rule stay argue to south decision worry get first single agreement network artist tonight lawyer her","73"
"35","327","1971-02-13 14:15:53","1","Just suffer pick food technology method bring art performance artist toward land public age professional send","82"
"90","328","1983-01-23 08:06:01","5","Who take office heart while voice might him large fine effort spend response","41"
"40","329","2013-10-12 05:31:03","5","Opportunity evidence letter or black trial value moment human whatever product of himself themselves hand allow report everything past near","29"
"76","330","1972-09-12 07:59:12","5","Training remember doctor mind station hot carry she your into throw recent most","94"
"78","331","1997-07-27 05:16:08","2","Home former bank determine between billion matter within party early their physical turn worker land happen certain hundred south probably difficult job those success popular hit","82"
"25","332","2008-05-13 22:56:35","5","Nor kid send create focus hear center over various age standard close peace will yard structure most light something method property","89"
"51","333","1987-06-24 23:43:22","5","Relate care natural behavior fire present factor article heavy civil first physical this work expect","9"
"56","334","2007-11-08 10:28:58","4","Mother bank agent character bar fish sound discover respond people capital need situation wonder event","39"
"85","335","1979-10-20 10:06:16","3","Major forget whether bring couple put will firm necessary shake simply that thank affect within it find able mean great religious stuff","77"
"42","336","2007-02-25 07:59:09","4","Reality open my cultural debate develop sing themselves stay relationship several news","90"
"0","337","1979-08-03 01:24:03","2","Wide rather president exist arrive two force seem make long best pick he","60"
"63","338","1979-06-01 23:01:53","3","Republican type behind anything debate recently wall take rest Mrs season sign lose change according none art allow possible parent report commercial billion","17"
"44","339","1987-05-15 16:53:50","3","First fact strong west this detail give hot option key travel event perhaps","20"
"74","340","2011-10-19 02:54:42","3","Save where be everybody recent general fall from itself man by right grow since","57"
"12","341","1986-01-06 20:14:17","2","Common lawyer study maintain which spring quality cell lot notice quality many score building politics Congress whom guy","84"
"78","342","2009-01-03 07:31:28","1","Four conference identify fill live challenge officer carry attack most bank citizen drop reason year affect prove reflect current mind treatment great especially","75"
"2","343","1989-03-21 04:35:48","1","Ready provide station middle number plan find sell nice three letter senior consumer ready artist art control important defense chair production","87"
"21","344","2010-11-04 20:32:38","1","Time reason model government five station stock maintain science day leg some market author nothing Mr control owner child military real beyond need heavy Republican","25"
"50","345","1982-12-21 01:25:46","4","Human me wait early when bring discuss from night form improve first democratic officer direction like team member necessary son boy management way others","39"
"99","346","1996-12-15 23:23:43","4","Discuss serve popular recognize notice beyond letter capital hour from forget view between wall carry head worker hope until partner about necessary instead civil process","79"
"72","347","1999-10-07 21:37:10","4","Or onto available pass movie those performance mean professional health measure loss share process want may recently what now executive ago everything view imagine","40"
"33","348","1998-11-21 11:44:08","1","Effort admit key sing film first head early study power forget yourself morning significant safe sing ahead letter fight father record popular memory choose everything degree keep","57"
"90","349","1970-08-03 02:16:04","1","Expect situation quickly quickly experience believe tend should medical rather present talk field style type responsibility material teach anyone","75"
"49","350","1985-03-10 22:16:49","0","Including ok current should yourself news understand hand spend despite serve including mouth house network form visit low employee","20"
"49","351","2001-10-09 08:31:36","5","Bill opportunity top color maintain sit care notice face happen accept sea feeling fund quite","42"
"16","352","1983-06-08 19:58:59","2","Common thing mouth simply these pick Mr half bring safe home card never analysis avoid wear audience voice generation most rich leave skin small suffer age seat","54"
"97","353","2001-09-03 03:29:50","4","Establish social worry customer while room guess modern before imagine woman month","38"
"6","354","1993-04-15 09:33:19","3","Him station beautiful per event want natural our series idea among account","51"
"59","355","2016-07-25 04:48:02","5","Learn ground subject base skill project crime next right system plan picture well","14"
"50","356","1973-11-05 12:56:21","5","Oil life face beautiful worker could either least sea technology thus may join see take someone fish describe sometimes realize man dream pull people","89"
"21","357","1997-05-22 04:58:21","2","Student church near push there quickly president low color often others teacher year member imagine","76"
"76","358","1982-02-25 10:10:50","1","Under nor note leave ready house company list player popular bed them within until song example dark reality understand enter action green scene","76"
"4","359","2015-07-24 15:03:36","3","Action audience police by beyond any little political keep week carry guess society appear","61"
"95","360","1982-06-07 11:37:16","1","Order thing that job go you name you short follow know into face two total see century sit much foot production","17"
"20","361","1995-06-20 13:50:47","0","Ball off like determine artist response continue behind what race specific cost drive inside project civil one reach","35"
"70","362","2005-03-23 09:07:51","4","Teach vote card each down approach sit choice law example new share perform more require study way next short class activity fire remember response religious","61"
"50","363","1993-03-04 17:26:01","0","Hospital writer top itself me anything attention situation expect glass director up tree team magazine myself","50"
"14","364","2001-03-01 13:12:38","0","Risk sound along ability clear truth president take training quickly drive however television pay government future from east instead course","12"
"87","365","1985-06-14 03:38:58","4","Next people always send throw culture rest out claim politics benefit international mission nothing argue property see use take bank for scientist source base machine report","21"
"56","366","1979-05-06 12:06:27","3","I concern who design former network senior list rather defense well personal","26"
"51","367","2003-09-02 15:35:34","3","Before mention Mrs trouble analysis may reflect cup often hair attack later look bank American decade six conference business fill network management choose lose suggest","33"
"59","368","2002-05-03 06:59:49","0","Despite hit eight understand ten section with bring maintain south wait my notice until hour international start PM agent article many town on others","79"
"65","369","1992-11-25 17:49:31","1","Put general ready southern save young land grow remember stock team over market","60"
"90","370","2013-02-17 14:11:52","0","Country pattern and star mention very majority public degree attorney ten strong article best stop brother big rule citizen different sit tell media system drug draw plan","80"
"64","371","2014-12-23 05:22:10","2","Stop minute list body report special anyone board which gas important leave serve","74"
"14","372","1986-04-13 17:19:36","4","Age movement push movie which game movie loss glass his sing sort forget chair candidate","47"
"17","373","1988-01-12 13:46:46","1","Crime cup debate race finish school instead cut couple drop officer best eye Congress source rich","49"
"65","374","1991-05-27 19:34:02","3","Deal part full draw job ready gas sound history career good interesting break fall audience threat","30"
"47","375","1996-07-27 18:01:09","2","Film scene lay thought Mr southern natural six production school child rule model little","25"
"33","376","1995-01-11 13:12:15","2","Training room leader sell by majority guy huge ask water heavy among upon write assume sport","6"
"91","377","2004-08-09 01:21:22","3","World question agreement network hospital growth more respond seven bed enter answer research pick player campaign gas others sell two us happy process herself support impact","72"
"81","378","1986-11-22 13:58:01","0","Real focus house hot focus face chair doctor certain shoulder write series for defense big quite plan article use attorney adult exist","3"
"16","379","1977-07-07 01:35:08","5","Production information here performance fast pressure specific answer crime seven most politics force","14"
"84","380","2010-04-11 00:07:48","3","Admit reason item security million put successful statement watch fund drop contain outside option you","58"
"36","381","1997-01-20 05:11:47","1","Western together employee author laugh out point expert along recently over direction ability trade itself soon save identify black who","93"
"63","382","1970-10-14 00:29:23","1","We pass to letter produce choose military against property character carry somebody pull answer kitchen seek","17"
"3","383","1999-09-02 13:13:50","2","View such inside citizen record short according response reason form support enjoy laugh organization election vote development treat water arrive","34"
"63","384","1994-09-19 19:29:04","4","Author list dinner would environmental act of describe sing election part Congress institution include political like can none degree score only wrong feeling person","40"
"82","385","1971-05-21 07:10:55","4","Beyond rather your herself number around task part toward behind close individual popular third policy animal number lead hot girl keep course teach such improve huge under","24"
"33","386","1983-05-16 21:39:02","5","Success country arrive loss upon benefit spend skin forget toward its education simple nor dog treat energy light expect mouth hair best","17"
"36","387","1998-12-10 04:31:56","3","Member assume action list serious recognize role raise eat some response fly sign else rich often rate decide statement certainly great industry real parent character","54"
"60","388","2017-09-14 18:12:53","4","Scene early interesting degree lose pay tell cut degree stage according remain off employee term difficult dog","92"
"44","389","1989-07-01 14:27:38","0","Modern research live choice action side per use party true lose ten","40"
"72","390","2018-03-07 22:27:55","0","Require trouble special power simply child play approach brother later name month democratic different reality start","18"
"52","391","2007-01-31 04:38:17","4","Approach source part letter share walk such wish day themselves already system argue affect American future right defense onto dog them","10"
"17","392","1977-04-27 23:56:14","4","Bank short assume teach later speak my teach economic chair really worker ask often western performance even rest season speak born nation set yet","2"
"56","393","2018-02-02 15:09:30","5","Mother town key media star speech red beautiful employee become all speech boy indicate","8"
"18","394","1990-03-24 18:14:07","5","Wonder what left environmental reason short less society involve young off teach attention word ago leg great industry pick watch try couple he run gas whatever far","21"
"52","395","1994-05-16 12:33:52","3","Stock husband thank push ball study here him our pattern which decade run half enter management magazine control machine which example behind wall even recent indeed","89"
"76","396","2009-11-03 11:02:07","0","I bring space few easy name building participant rock PM start term nor result production politics yourself strong it if imagine walk much research sit your I","63"
"57","397","1972-08-28 23:18:43","0","Skin here guy can defense back leg much somebody number hour skin actually ahead","34"
"62","398","1992-09-08 15:23:50","4","Scene ok attention keep opportunity ago eye property manage store price serve carry fish tax option drop west coach upon","80"
"69","399","1997-07-03 13:15:58","3","Interest drive hundred control gun bank seat let especially president personal enter pattern ability window stand really teach room likely everything as probably surface third south plant","75"
"74","400","1971-06-08 10:05:29","5","Per service old us discuss interest everything skill reality fight forget person everything former describe treat","97"
"73","401","1992-03-05 20:17:05","1","Represent traditional make easy yard notice crime better successful organization beat clear where final may election capital seat","59"
"61","402","2020-06-10 16:29:11","1","Movie method why daughter fine stage member go Democrat about measure government force politics","80"
"43","403","1990-10-12 02:20:27","3","Focus head special process operation like allow PM natural main you tax real weight","82"
"0","404","1971-11-16 09:11:37","3","Fly fear once product heavy entire instead imagine thank after for decade future into well while anything","65"
"89","405","1982-08-09 11:43:42","4","Today free see pick rule education writer region herself forget wait one take analysis piece involve the generation thing attorney population","39"
"52","406","1992-09-15 19:50:58","1","Drop particular compare party effort economy gun back spring single far themselves final","29"
"40","407","1980-02-06 09:32:49","2","While national road of high mean arm fast source catch degree argue identify seat finish until forward five establish from minute provide past fire service Republican","27"
"33","408","2011-12-21 05:07:39","1","Address list our event question try official relationship small rock court trade","55"
"63","409","2009-09-18 22:24:22","0","Cause success community give week green standard might officer enter somebody short meet condition prove task pressure exactly risk yeah something authority skin have on teach","88"
"39","410","2021-05-11 22:48:37","3","Executive increase home bill lot create rock yes top challenge feel if later fire way environmental mouth so time require theory quite","66"
"74","411","2020-06-25 18:40:19","5","Religious special whom no radio else artist popular thing watch he next amount machine American forget through home partner anything determine red who spring economic computer relate","4"
"25","412","1985-10-17 13:03:44","5","Mr season nor return send us whether close lead may friend strong up need spend risk from including dog rule enter other piece according then field","24"
"71","413","1987-05-08 01:02:23","5","Avoid sit age realize research movement charge inside other least order miss why say outside describe seek win those young structure though","41"
"51","414","2021-03-27 08:21:18","5","Common memory present hospital remember wear factor team program nature hard strategy hit","22"
"24","415","1979-08-11 06:51:04","4","Case hotel court chance civil control type land outside whatever despite subject lay tough tax about option night list billion scientist others would","31"
"76","416","2008-04-11 23:08:10","1","War local forward resource notice woman beautiful top ball price lose soon hundred","95"
"53","417","1987-01-24 07:40:26","3","Ground debate animal area pass end building account thing summer human policy either official soon ever statement raise relate really plan","3"
"90","418","1970-05-13 04:52:04","1","Again hold body power mind either room kind imagine identify manage law well whose the tax water standard race least","17"
"81","419","2004-08-02 06:33:41","4","This fund shoulder both after stop fly sea charge evening really our","73"
"85","420","2013-08-05 17:37:13","1","Carry girl beyond deal town shake activity believe because wear prevent cold staff radio either","3"
"22","421","2014-03-11 09:03:02","3","Such dream create offer wonder ten according speak type within entire since cover early carry indeed out consumer for go throw write language member prepare morning including","63"
"54","422","2016-11-08 17:38:32","3","Participant business cost within people look into size how mean right manage American nice only customer group enough real admit body reflect avoid summer already","8"
"45","423","1976-12-04 02:55:43","0","Medical old fly protect well office wonder follow right ok child all stop oil hard worker model under answer phone continue there example everybody cause","53"
"17","424","1987-11-08 00:00:12","4","Arm free heavy century ground certain peace single message charge occur TV how then billion dinner agree card goal term","55"
"2","425","1985-04-19 21:06:31","3","Court activity north organization on morning spend individual capital song full life help name perhaps tonight country society water dog free with option college consumer put we","54"
"14","426","1973-12-17 02:49:09","4","Really church member laugh someone bill natural yet since trial simple game like person ok","70"
"12","427","1972-03-08 12:26:10","3","Since newspaper include Mrs reveal here sense before gas surface doctor firm church pay","24"
"35","428","2003-05-04 20:17:52","2","Drop rule know subject ever this agent account stage improve deal couple character customer hour return concern","82"
"20","429","1987-05-17 12:10:36","0","Usually begin Democrat animal wonder cold owner next make game look compare describe","35"
"87","430","2001-03-08 17:00:01","2","Democratic rule southern relate his four name career find page machine pretty film college political power miss off","24"
"16","431","1999-03-10 01:50:24","0","Speech none remember worry capital arrive radio with month behind require enter let election despite pass that which deal","76"
"83","432","1984-10-08 10:24:02","0","Up heart property meeting make find clearly prepare mission past exactly near would total home worker brother","85"
"83","433","1989-01-01 18:49:06","5","Prepare home ahead perform think event fall everything group for message city truth son white account crime fund face fly behavior prove such","37"
"26","434","2019-01-06 17:21:03","4","Message beyond a administration large understand should current public need own culture media value fill thank city today similar much speech","88"
"21","435","2013-09-19 15:29:38","0","Behavior they long law trip Mr information carry drug these size significant then receive want yet yeah report water day item couple change whole final have by","9"
"74","436","1979-11-04 20:27:33","1","Citizen age hot space heart talk hair just quickly our loss Mrs reflect sound paper popular market believe manage around","53"
"93","437","2013-12-20 22:06:16","5","True official arm subject television have whose himself pressure with address arm country new walk project notice","45"
"76","438","2002-08-18 08:32:27","0","Toward her federal how will else a mean time decision water explain a provide officer institution receive popular yes","54"
"67","439","2002-04-12 02:56:04","3","Argue draw control five price national these good force morning wish some suggest less positive article their allow move air student federal yard real individual","23"
"91","440","2006-10-26 09:33:12","1","Leg hot campaign card nation when data list reality likely beat lay deal type century clearly indeed president activity stage large difficult","72"
"27","441","1986-07-22 07:28:32","5","Author much attorney positive begin year stock change tend today weight church push necessary audience local","33"
"31","442","1998-11-08 18:24:48","0","Sell whole stock security follow attorney blood keep deal wide life factor break store summer their anything scientist share support commercial","6"
"36","443","2016-04-15 01:11:21","2","Thousand common trade war beat today kitchen ago ten various wall mouth large wait both gas husband treat board could assume attention feel","66"
"3","444","2009-01-29 22:01:05","5","Success remember above surface today share station all allow read ground those many start class too must she worry","18"
"33","445","1991-06-24 11:14:52","5","Understand light cause matter process tend kitchen picture lot dark mother six state add fire leave economy citizen toward","5"
"60","446","1986-01-02 07:20:17","3","Keep its building woman pattern bad human usually answer season tax indicate find clear behavior appear center school thus face long","92"
"39","447","2012-04-27 04:59:30","4","Decision hundred strong civil direction wonder somebody available carry dinner instead yes forward again bar feel up indicate yard perform number free building","16"
"88","448","1986-06-19 12:08:19","3","Bank mean message across partner interesting education six represent leave prepare build great loss glass production election tonight themselves who","23"
"89","449","1981-10-17 00:26:57","4","Garden room doctor upon worry anything according cost think example appear inside camera","92"
"74","450","2005-02-28 17:53:12","0","Boy month measure treat commercial education exactly support nature stuff former sure lead total truth claim day year culture day give just our laugh central","7"
"70","451","1998-01-20 01:13:11","4","Money six professional although specific image eat art lead within research station blood deal film future federal future sit increase","23"
"3","452","1973-10-08 14:02:59","0","Behavior truth be recently stock gas local it majority try main unit financial","39"
"25","453","1978-04-02 14:10:49","0","Huge section thing anyone international claim plant agreement after media least reflect through great fish school it alone hour cultural product","26"
"92","454","1994-09-22 03:21:52","5","Already sure will today life who imagine year apply hand teacher contain why measure while","16"
"23","455","1976-06-23 01:53:22","1","Writer provide candidate oil care find list car anything eye so approach mission recent decide southern scientist building fund radio last","45"
"41","456","2010-05-30 15:42:48","0","Which beat cost friend hear least people detail spend during wife buy must","95"
"93","457","1981-07-07 14:07:23","3","Product could series government carry if save meet east message cost ground table several actually project them","50"
"73","458","1972-10-19 21:10:41","1","Peace from she mention sing participant create single carry east both way short first charge case stop story hour claim","58"
"55","459","1972-03-28 09:23:42","2","Study call sea arm your activity order nothing Mr expect simply investment positive tree walk old weight thank respond building leave happen image","76"
"39","460","1990-05-23 04:30:24","0","North good make little matter contain money pretty expect trouble if play","10"
"46","461","2009-10-25 10:35:31","0","Every a right high people across particular player between deal process father join order nature safe truth happen","39"
"12","462","2006-03-29 12:18:45","0","Order pattern city election turn film successful central also floor and available again pay growth from candidate expert success life","27"
"90","463","2012-10-16 07:20:09","4","Radio cup floor magazine test after paper this campaign everybody leader three firm miss edge turn who moment later ground his agreement","81"
"65","464","1974-02-16 02:27:51","1","Dinner until foot brother fact nature soon skin building thousand against say modern argue throughout price guess someone person senior end probably describe crime if Mr","26"
"63","465","1974-08-18 17:25:08","3","Religious face write sure fact tax produce listen huge seek outside want","13"
"39","466","1987-05-07 09:38:46","0","System subject painting partner senior do model short more police much put describe imagine around quality join position girl government performance","33"
"38","467","1983-09-26 09:10:54","4","Physical sense daughter avoid situation toward knowledge when project modern site though good north career free remember develop stuff wife entire always my really hold firm east","59"
"96","468","1997-04-03 14:18:37","2","Meet yeah language oil section crime interesting occur institution whole camera agree air sit who mouth remember keep","46"
"68","469","1984-04-15 00:21:14","1","Bill style college can few floor ten board happy prepare hear paper value personal increase wife similar attorney present fill as his that enter defense strong say","23"
"99","470","2010-10-13 01:12:15","2","Wrong admit three probably member majority itself company threat human too night many order ground","54"
"30","471","2009-07-14 09:09:58","2","Foreign authority because budget production son wait partner environment few foreign modern task minute late second blue environmental knowledge language cover because customer","98"
"45","472","1993-11-23 15:10:10","0","Sometimes especially exactly town car part vote number company dream military fact most information here yet probably two method","69"
"92","473","1976-03-29 18:11:44","4","Argue and city cost mean cost than grow before to push war of strategy over middle decade look debate debate message student","85"
"2","474","1979-03-04 03:49:26","1","Actually campaign discussion property billion local concern hair security together foreign small red step learn big reality day better financial specific right local hour always list together","77"
"75","475","1985-05-23 23:04:17","0","Hospital without learn save another political sea stay mind old summer modern building support herself","50"
"15","476","1997-04-25 13:05:27","5","Project ok mean drop leader step may amount area great power generation trial service dog remember decision energy I unit bring none process","26"
"51","477","1985-08-27 15:07:29","0","Five drive theory hot task soon require idea your certainly structure technology daughter any color budget lay back food from bad nature usually admit several quality","57"
"68","478","1974-08-08 16:31:31","2","Cut possible century finally security sort week mean report outside wind difference interest","81"
"23","479","2008-01-17 08:12:02","5","Laugh various interview movie though would address sit big drop skin window article various under look service two item mention hot myself entire American win pretty","93"
"14","480","1987-12-03 05:38:51","5","Mind member choice enter political should indicate win task our public subject kind seem reflect anyone after office","36"
"95","481","2007-03-01 16:24:06","0","Group grow nothing attack must per he expect style effect power cost anyone new old bar trial such tax tree offer good fall","85"
"3","482","2012-09-13 03:19:23","0","Second company energy across collection too market rather require movement should sign civil main must operation leader small commercial though perform money role","12"
"90","483","1996-10-11 22:15:00","1","Result apply rate community action brother glass sign because animal away keep form history factor must be green sign big five put officer enter require article traditional","44"
"0","484","2021-11-12 07:03:32","4","Man tonight chance attention official eye get price man field successful hotel letter bill several though result past thought Republican determine foreign suggest","16"
"63","485","1987-06-26 00:49:07","4","Ten magazine argue stuff usually data serve talk their win couple expert television","1"
"86","486","2011-08-15 19:43:41","1","End particularly national among table such collection really per member address reach free perhaps material from model street system pay west peace case something","49"
"89","487","1973-03-29 00:07:56","4","Tree account admit option line run church dinner worker even political whole","42"
"51","488","1990-03-22 02:16:38","1","Feel or environmental staff manager same behavior information anything a set never compare score","93"
"80","489","1980-08-30 23:02:27","4","Like over learn use out between any team have theory would per across performance","1"
"80","490","2003-01-24 03:41:14","3","Thus down region remember street suggest small suffer early technology yes analysis music enough consumer question himself forget go","76"
"11","491","1975-05-02 20:06:20","0","Relate follow message course avoid attack society lay item cultural involve official draw unit military reveal degree serious significant rate knowledge enter visit Democrat","4"
"92","492","2010-08-14 01:31:35","2","Top movie would oil interest sea three around doctor see determine real maybe budget summer every direction discussion buy there get point build food enjoy with value","69"
"71","493","2013-10-27 16:00:54","2","Area feel to toward ask trial whatever goal school health model body ready","72"
"32","494","2007-12-28 11:46:06","2","Understand attention purpose issue service management finally bag production education officer idea allow career foot wear","43"
"79","495","2000-03-21 23:15:26","3","Past suggest join spend civil require thousand teacher born probably while kitchen force develop work door pass","68"
"70","496","2004-06-20 03:04:48","5","Site prepare each easy check choose oil budget deep those use shake figure safe ahead more view upon her move else pretty return","98"
"45","497","1979-10-17 17:30:59","2","Somebody practice give kind simply on anything defense dream would able present meet tell feel middle blue choose still","44"
"26","498","1970-03-11 05:41:12","0","Reveal develop ahead these sit speak couple sound compare create option health investment director always black ten forget know between student","37"
"52","499","1998-05-18 14:09:41","4","Quality art us result tell trade between third student town walk recognize clear here much save matter forward us detail risk hundred shoulder energy gun","55"
