"0","75","2015-07-10 21:18:09","7.10","52","In Transit","http://www.young-mcbride.net/"
"1","50","2007-04-04 23:36:10","1575.29","50","Ordered","https://gonzales.com/"
"2","29","1991-01-07 19:09:32","4988.66","21","Ordered","https://thompson-livingston.com/"
"3","12","2003-09-09 06:03:07","4893.12","9","Ordered","https://brown-lawson.net/"
"4","74","2016-03-12 18:09:16","3903.66","69","Delivered","https://www.merritt.com/"
"5","84","1972-04-17 09:34:05","3303.44","0","In Transit","https://www.saunders.net/"
"6","76","2011-11-08 22:02:13","1351.35","87","In Transit","https://www.nelson.com/"
"7","84","1985-02-09 19:14:47","1143.10","34","In Transit","https://smith.com/"
"8","2","1987-07-12 07:10:48","1535.73","4","In Transit","https://rodriguez.com/"
"9","51","1993-03-16 09:40:29","3081.45","40","Ordered","https://savage.com/"
"10","20","2012-06-03 22:53:18","4768.60","38","In Transit","http://www.ellison.com/"
"11","22","1997-08-14 04:41:50","2491.78","85","In Transit","http://elliott.com/"
"12","66","2018-02-09 23:59:55","2679.90","76","Ordered","http://hunt.net/"
"13","95","1984-03-11 16:07:38","2166.44","31","In Transit","https://rivera-graham.com/"
"14","29","2014-01-15 21:16:13","4389.89","13","In Transit","http://pruitt-hernandez.net/"
"15","62","2007-02-19 09:34:13","682.32","27","Ordered","http://dunn-peterson.com/"
"16","19","1994-06-24 07:39:40","3940.13","76","Ordered","https://www.williams-guzman.com/"
"17","68","2008-07-23 01:03:23","2199.40","3","Delivered","http://murray.info/"
"18","37","1978-08-17 06:57:48","3159.03","27","Ordered","https://www.rhodes.com/"
"19","90","1979-01-07 19:51:11","3516.14","14","Ordered","http://www.duffy.com/"
"20","10","2005-10-03 03:34:13","2045.84","100","Delivered","https://www.lee.org/"
"21","89","2017-05-28 12:20:55","3928.30","9","Delivered","https://www.singleton.com/"
"22","68","2014-02-24 05:25:52","3832.99","95","Delivered","https://www.paul-larson.net/"
"23","65","1980-11-25 09:15:09","4059.09","26","In Transit","https://larson.com/"
"24","83","2003-04-18 23:56:13","2163.05","9","Delivered","http://dorsey.org/"
"25","81","2003-02-11 01:13:04","1011.25","84","Ordered","https://cooper-carlson.com/"
"26","42","1980-03-15 20:11:21","993.93","45","Ordered","https://davila-villarreal.org/"
"27","18","1996-07-08 10:31:32","4140.36","32","In Transit","http://www.lee.com/"
"28","28","1987-05-01 10:10:55","3628.21","54","Delivered","http://washington.info/"
"29","61","2007-12-23 14:24:31","2947.87","78","Delivered","http://www.jones.biz/"
"30","63","1997-01-08 08:35:24","4297.51","4","Delivered","https://www.baker.com/"
"31","74","1981-06-27 10:51:50","3781.99","12","Delivered","https://www.fowler.net/"
"32","77","2000-04-02 07:47:59","4314.13","50","In Transit","https://hart-horn.com/"
"33","49","2001-01-09 20:40:31","870.16","63","In Transit","https://www.figueroa.com/"
"34","80","2017-11-29 12:12:00","2852.16","100","Delivered","http://walker.info/"
"35","81","1982-03-29 16:09:24","366.79","67","In Transit","https://www.vasquez.com/"
"36","91","1987-02-01 19:19:40","3915.05","69","In Transit","https://mcdaniel.org/"
"37","4","1974-11-24 11:43:39","718.29","24","Ordered","https://medina.com/"
"38","65","1976-01-03 23:49:06","187.97","46","Ordered","http://wells-thomas.com/"
"39","97","2010-07-21 07:10:59","1010.39","18","In Transit","https://morris-horn.com/"
"40","31","1993-05-25 09:03:42","2607.79","21","Delivered","https://leon-bruce.net/"
"41","52","1979-09-24 05:12:10","3630.10","83","Delivered","https://johnson.net/"
"42","98","1999-11-21 05:44:05","1812.39","1","Delivered","http://hess.com/"
"43","65","1992-07-21 22:08:13","2965.44","100","Ordered","https://www.brown.net/"
"44","42","1975-03-12 20:06:07","4834.93","34","Ordered","https://www.smith.biz/"
"45","87","1996-03-06 08:12:47","3791.86","14","Delivered","http://shelton-howard.info/"
"46","42","2005-11-27 21:41:35","3234.48","12","Delivered","http://www.mclean-nicholson.biz/"
"47","44","1972-04-09 10:33:13","471.94","78","Ordered","https://www.roberts-gilbert.com/"
"48","99","1990-04-23 14:15:35","829.46","22","In Transit","http://adams-lee.com/"
"49","31","2011-07-03 04:18:52","4331.14","26","In Transit","https://www.barnes.com/"
"50","78","2001-03-06 21:47:07","1458.74","52","In Transit","http://little-edwards.org/"
"51","76","2017-09-21 12:54:32","4766.53","92","Ordered","https://www.vazquez.info/"
"52","84","2020-02-19 23:09:33","2763.64","29","Delivered","http://wiggins.com/"
"53","17","1980-03-13 09:07:12","2222.98","100","In Transit","http://www.vega.biz/"
"54","59","1972-09-28 10:31:37","2104.59","47","Delivered","https://reynolds.com/"
"55","31","1971-03-29 01:58:06","3408.37","77","In Transit","https://rivera.com/"
"56","39","2009-03-22 20:41:44","3775.18","66","Ordered","https://www.taylor-wilson.com/"
"57","65","2017-11-21 03:29:06","3911.74","5","Delivered","http://harris.com/"
"58","0","2014-12-21 05:27:44","2611.42","12","Delivered","http://www.reyes.com/"
"59","31","1978-08-03 19:16:16","4568.12","44","Delivered","http://www.potter.com/"
"60","55","2021-04-19 12:45:59","159.35","32","Ordered","http://hill-khan.com/"
"61","53","2021-11-11 21:30:16","266.79","5","Ordered","http://www.harris.biz/"
"62","52","2017-05-30 19:04:02","2587.13","12","Delivered","http://sims.net/"
"63","30","2017-12-14 10:19:43","3980.67","78","Delivered","http://palmer.com/"
"64","65","1995-12-26 15:41:26","3636.13","72","Ordered","https://www.flynn-gardner.com/"
"65","6","1995-04-18 03:06:23","1495.12","31","In Transit","http://bentley.com/"
"66","7","1976-09-22 22:08:25","2631.63","49","Delivered","https://howard-williams.com/"
"67","57","1976-05-03 14:28:39","4448.43","17","In Transit","https://www.morse-russell.com/"
"68","45","2001-10-02 12:18:32","3810.30","45","Delivered","http://www.jones.com/"
"69","53","2000-01-06 06:35:56","1969.99","86","In Transit","http://www.leon-brown.com/"
"70","88","2013-11-26 04:17:17","427.90","61","Ordered","http://robles.com/"
"71","26","1981-03-18 07:27:56","4586.91","2","Ordered","http://www.chan.net/"
"72","84","2018-12-23 20:43:23","3911.88","79","Ordered","https://casey-saunders.info/"
"73","90","2019-09-04 13:32:43","1430.62","25","Ordered","http://nguyen.com/"
"74","87","1997-02-02 08:57:08","1490.49","78","Delivered","https://finley.net/"
"75","34","2014-06-25 08:29:03","4292.15","100","In Transit","http://smith.biz/"
"76","72","2000-01-20 18:11:10","4063.45","61","Delivered","http://www.hall-wright.com/"
"77","55","1999-09-30 08:02:35","2275.36","16","Ordered","http://www.jimenez.info/"
"78","63","1973-09-22 00:00:00","4514.60","5","Ordered","http://www.jones.com/"
"79","18","2013-04-03 07:28:12","1753.33","78","Delivered","https://thomas-scott.net/"
"80","91","1998-05-14 18:23:40","1690.31","86","Ordered","http://ward.com/"
"81","95","1971-03-30 01:08:23","4289.77","90","Ordered","https://zhang.info/"
"82","71","1995-07-01 16:39:48","3504.90","99","Delivered","https://roberts.com/"
"83","93","1970-03-24 07:25:11","2993.91","15","In Transit","https://warner-peters.com/"
"84","20","1971-03-27 12:21:15","3234.75","31","Ordered","http://www.hill-harper.com/"
"85","28","1990-08-03 21:53:04","503.66","18","Ordered","https://carroll.info/"
"86","32","1983-10-15 12:50:29","3230.52","5","In Transit","http://ford.com/"
"87","2","1979-09-09 10:15:58","3625.64","93","In Transit","https://www.hernandez.info/"
"88","96","1974-12-31 20:23:45","374.08","68","Ordered","http://jones.com/"
"89","74","1983-08-07 12:10:59","2532.39","3","Ordered","https://www.frost.com/"
"90","7","2014-02-14 08:53:55","3703.40","68","In Transit","http://www.smith.info/"
"91","86","2007-09-11 19:47:37","4533.64","30","Ordered","http://martinez.com/"
"92","57","1986-02-04 23:11:32","3873.12","85","Delivered","https://armstrong.com/"
"93","34","2019-12-19 12:29:50","3077.61","50","Delivered","http://carter.com/"
"94","28","1985-09-16 21:37:10","3826.00","11","In Transit","https://www.smith-diaz.info/"
"95","6","1988-09-14 15:48:57","4621.86","34","Ordered","http://palmer-finley.com/"
"96","52","1995-08-31 04:53:10","4329.08","98","In Transit","https://griffin-ortiz.biz/"
"97","32","1976-12-19 03:43:08","1220.97","69","Delivered","https://www.white-boyer.net/"
"98","91","1990-06-08 02:00:55","289.89","99","In Transit","http://www.wright.com/"
"99","26","1972-11-13 09:03:48","1769.82","76","Delivered","http://daniels.info/"
"100","88","1980-04-18 16:55:53","3487.77","0","In Transit","http://smith-adams.net/"
"101","73","2007-03-21 00:41:10","1446.91","50","Delivered","https://walker.org/"
"102","46","2007-03-06 01:06:49","3529.66","37","In Transit","https://munoz-rodgers.com/"
"103","0","2021-03-13 04:34:35","2193.49","66","Delivered","https://www.higgins.com/"
"104","86","2015-11-04 11:48:28","2662.63","31","In Transit","https://www.johnson.com/"
"105","36","2010-08-16 06:43:09","715.02","32","Ordered","http://www.hodge.com/"
"106","62","1998-01-21 23:12:47","970.45","6","Ordered","http://www.frye.info/"
"107","49","1981-11-12 08:59:49","2621.63","3","Delivered","http://sutton-velasquez.com/"
"108","21","1996-03-13 12:47:58","4122.75","37","In Transit","http://malone.com/"
"109","47","1984-02-28 23:30:07","4855.87","55","Delivered","https://www.sims.com/"
"110","31","1974-12-21 07:00:00","2399.86","14","Delivered","https://king.org/"
"111","48","1984-04-05 12:05:19","4379.47","26","Ordered","https://www.bennett.net/"
"112","14","2000-06-11 06:05:12","1721.22","93","Delivered","https://www.smith.com/"
"113","24","2008-03-31 20:02:32","603.63","22","Delivered","http://swanson.com/"
"114","27","2009-11-11 03:18:39","3167.24","11","Ordered","http://faulkner.com/"
"115","14","1994-09-07 05:55:46","4326.28","72","Ordered","https://www.garcia.com/"
"116","57","1995-01-05 12:25:19","1768.79","21","Delivered","https://www.mcdaniel.com/"
"117","72","2007-04-28 07:41:08","940.87","30","Ordered","https://harper.com/"
"118","28","1989-11-30 12:34:55","3567.36","52","Ordered","http://ramirez-velazquez.com/"
"119","51","1976-12-09 18:37:39","51.14","72","Ordered","https://www.rivers.org/"
"120","71","1979-09-29 07:37:19","3998.12","100","Ordered","http://wright.com/"
"121","12","2014-10-28 00:51:22","1784.99","83","Ordered","https://morgan.org/"
"122","1","1999-08-06 14:24:35","3185.48","75","In Transit","https://smith.biz/"
"123","50","1978-11-14 00:57:54","4015.98","34","Delivered","http://lopez-smith.com/"
"124","22","1977-11-25 21:11:45","1976.95","40","In Transit","https://lee.com/"
"125","48","1977-05-31 22:35:10","3158.98","75","Delivered","http://mcbride.com/"
"126","46","1991-12-13 21:53:51","4168.43","75","In Transit","https://www.miller-diaz.com/"
"127","25","1972-08-26 15:22:01","2672.65","88","Delivered","http://knight-hendrix.com/"
"128","35","1979-03-19 16:45:24","3603.35","37","Ordered","http://www.wilson.com/"
"129","16","2008-03-30 17:21:16","2755.88","12","Ordered","http://www.anderson-rice.com/"
"130","31","2017-08-20 01:36:38","4407.97","0","In Transit","http://reyes.com/"
"131","1","2010-07-04 07:48:45","1188.33","29","In Transit","https://www.nguyen.com/"
"132","13","2003-12-31 14:56:31","2764.78","10","Ordered","https://www.hill.com/"
"133","39","1987-08-22 08:35:13","2604.54","53","Ordered","http://howard-duncan.com/"
"134","56","2017-03-21 07:30:36","3492.14","55","Ordered","https://jackson-morrison.org/"
"135","52","1983-01-10 09:52:59","1129.20","66","Ordered","http://www.evans-phillips.info/"
"136","62","2004-03-01 14:58:52","4894.05","43","In Transit","https://peters.biz/"
"137","2","1983-03-01 06:46:26","644.30","36","Delivered","http://www.reilly-lawrence.com/"
"138","10","1987-12-07 10:27:16","800.74","48","Delivered","https://www.miller-adams.com/"
"139","45","2003-10-30 15:11:18","1933.27","37","In Transit","http://www.delgado.info/"
"140","23","1980-06-02 17:50:35","2676.35","87","Ordered","http://jones.biz/"
"141","95","1986-04-18 03:51:58","3665.82","68","Ordered","https://www.ramirez-lane.info/"
"142","44","1982-11-17 20:03:28","709.23","8","Ordered","https://www.watkins-wilson.com/"
"143","42","1990-06-10 00:02:57","4350.14","69","Ordered","https://lopez.com/"
"144","98","1983-08-16 08:52:14","2045.36","56","Ordered","https://www.dunlap.org/"
"145","52","1971-08-31 13:43:36","1071.57","96","In Transit","https://acosta-beltran.info/"
"146","61","1976-01-13 15:28:26","2220.08","54","Delivered","http://www.bell.biz/"
"147","88","1996-09-26 15:57:37","3412.24","43","In Transit","http://anderson.com/"
"148","16","1973-10-31 21:30:33","1373.70","35","In Transit","https://robbins-gonzalez.info/"
"149","81","1992-01-01 04:31:24","1453.03","96","In Transit","http://prince.net/"
