"0","4","1994-11-03 10:06:37","5","Have left behavior training writer case everyone return feeling education federal respond up computer carry size","57"
"19","14","2017-04-25 15:21:51","4","Identify play room check bad until practice service bill event church bring popular floor we environment indeed huge eat report","2"
"80","11","2021-03-08 22:34:39","5","Simple knowledge along strategy international rest system attack very account though process face safe big few","52"
"67","3","1970-07-08 17:21:18","4","Over past specific surface one particularly although its Congress mother buy modern late center traditional them represent money deep sea bring wish various who firm state","62"
"67","16","1975-07-16 05:50:03","3","Job plant almost leg think save race each would each place second hour student specific final father near long too industry play do second lose discover study certain","67"
"20","20","1987-11-22 17:06:05","2","Return two ahead one region now total trial mother move hard interesting catch chair seek maintain guy despite to player race","51"
"73","4","2012-12-12 07:38:37","3","Career room score stuff pay music spring chance accept which dog experience expect","81"
"90","11","1983-04-27 23:53:08","4","Wide commercial really indicate choose Congress one life machine radio carry around nation clearly side","32"
"76","27","2021-07-11 03:31:26","5","Today high back parent hard notice born past partner actually property best","63"
"59","11","1974-11-09 05:01:48","2","Old though find claim set cover like every big institution maintain line cut they television wind question human cultural each unit miss run","78"
"0","20","2004-11-21 12:14:51","3","Personal fly dog customer enter get affect put scientist source example focus six well letter try magazine marriage model speech energy against","52"
"53","11","1990-01-29 11:47:36","1","Factor Democrat rate group start position lawyer station think play task strategy firm crime compare back radio money difference study arm financial audience to strong public usually","8"
"83","14","2021-04-30 15:42:33","4","Politics consumer plan always along out member do identify either man note customer investment them daughter left","56"
"60","7","2004-07-12 13:39:58","2","Evidence radio benefit century he a later teach people would development none apply cup white plant","61"
"19","10","1971-08-11 08:15:17","1","Manager mind policy eye anything walk our whatever message truth community board music the perform choice rock","63"
"45","10","1996-05-03 17:16:25","2","Official professor us hard century land building while itself clear media listen where interest wind her learn","15"
"93","2","1993-02-11 09:33:59","5","Quite we wife early share treat billion responsibility expert skill possible hour same land although by difficult true","31"
"49","10","1977-02-24 13:32:01","4","Business fly peace full for career put however part possible ready follow course whatever if wait","46"
"2","23","1985-10-03 06:21:08","0","How whose bag training affect southern difference son business million somebody speak its stuff not oil until sound million outside process","85"
"29","22","2021-10-21 23:37:50","4","Court raise practice nor according support stuff these pretty nature blue away director pull involve pass","29"
"41","29","1995-08-08 02:03:14","1","Seem training that decision important window me work go fire how five most you information explain raise state reduce owner agent civil language","64"
"87","4","2018-08-12 09:51:26","2","Heart attorney close kitchen simply house trial situation long might officer red occur president TV drop after approach around song project society thus someone travel","96"
"65","9","1998-05-05 23:29:34","5","Anyone various white even value down help indeed fear either stop then stand civil financial career recently feeling account rate song field include such able tell not","96"
"31","0","2019-03-25 02:16:38","1","Reveal generation yeah rule whom bed last work range deal some series ask phone someone simply little catch reflect perhaps","16"
"93","10","1986-06-28 12:35:18","4","Suddenly actually behind enter court read series hot ability space democratic church message voice table change market family area already fall let visit may employee item he","72"
"35","26","2009-01-21 10:41:11","3","Five sport ready police chair yard article letter two push will cold mention decade practice score reduce science enjoy","26"
"65","20","1977-08-28 12:13:56","4","Analysis soldier once return must carry behavior lawyer president street home use bring project less recognize","27"
"80","21","1999-07-08 20:03:41","1","Walk meet look glass state study song condition event and campaign suddenly ten industry writer discover","92"
"4","27","2015-11-16 10:58:41","0","Above key force lay only then various term develop who American firm today order fire next want","49"
"92","23","2003-07-04 09:22:51","1","Nation stage within whom research science in apply mean challenge discuss she fish perform foot","82"
